id;content;author;post_id;creation_time
1;../fake-data/blob/hipster.txt;payment Hawaii Health;magenta Senior Refined;2023-04-08T13:00:18
2;../fake-data/blob/hipster.txt;invoice Sharable;Borders COM;2023-04-08T11:24:21
3;../fake-data/blob/hipster.txt;Cuban Metrics;indigo synthesize;2023-04-08T02:25:18
4;../fake-data/blob/hipster.txt;Savings feed;application morph;2023-04-08T11:14:39
5;../fake-data/blob/hipster.txt;lime frictionless;Garden;2023-04-07T22:59:48
6;../fake-data/blob/hipster.txt;state Unbranded Springs;Industrial Senior;2023-04-08T08:31:26
7;../fake-data/blob/hipster.txt;Handcrafted;Intelligent District;2023-04-08T05:14:41
8;../fake-data/blob/hipster.txt;salmon;FTP;2023-04-08T16:30:16
9;../fake-data/blob/hipster.txt;bypass;North Orchestrator;2023-04-08T07:25:04
10;../fake-data/blob/hipster.txt;data-warehouse Facilitator Keyboard;Republic;2023-04-08T03:53:25
