id;created_by;creation_time;title;description;likes;liked_by
1;Singapore Mexico;2023-03-10T01:50:47;Orchestrator;../fake-data/blob/hipster.txt;30660;../fake-data/blob/hipster.txt
2;world-class Hat;2023-03-09T19:56:13;solutions;../fake-data/blob/hipster.txt;38337;../fake-data/blob/hipster.txt
3;Loan;2023-03-09T18:22:12;Pataca;../fake-data/blob/hipster.txt;19200;../fake-data/blob/hipster.txt
4;New Isle;2023-03-09T19:07:41;repurpose Dominica blockchains;../fake-data/blob/hipster.txt;84582;../fake-data/blob/hipster.txt
5;system;2023-03-09T19:51:31;backing;../fake-data/blob/hipster.txt;36928;../fake-data/blob/hipster.txt
6;Illinois enterprise;2023-03-09T17:33:53;Communications mint;../fake-data/blob/hipster.txt;78289;../fake-data/blob/hipster.txt
7;Vista plum withdrawal;2023-03-10T11:58:27;Awesome Steel;../fake-data/blob/hipster.txt;18140;../fake-data/blob/hipster.txt
8;Montserrat innovative Avon;2023-03-10T05:11:23;e-tailers;../fake-data/blob/hipster.txt;65013;../fake-data/blob/hipster.txt
9;e-business service-desk;2023-03-09T20:11:46;clicks-and-mortar Handmade;../fake-data/blob/hipster.txt;10082;../fake-data/blob/hipster.txt
10;Fundamental redefine PCI;2023-03-09T22:03:06;initiatives Consultant;../fake-data/blob/hipster.txt;40324;../fake-data/blob/hipster.txt
